name,given_name,family_name,middle_name,nickname,preferred_username,profile,picture,website,email,email_verified,gender,birthdate,zoneinfo,locale,phone_number,phone_number_verified,address
Jonas Brothers,,,,,,,,,fmiqfxlwtujvgrhpnw@twzhhq.online,true,,,,,,,
marco,,,,,,,,,teste01@uorak.com,false,,,,,,,
marco,,,,,,,,,teste2@uorak.com,true,,,,,,,
marco,,,,,,,,,teste3@uorak.com,true,,,,,,,
marco,,,,,,,,,teste1@uorak.com,false,,,,,,,
testeasd,,,,,,,,,asdaasd@asdasd.com,false,,,,,,,
marco,,,,,,,,,teste@uorak.com,false,,,,,,,
Marco,,,,,,,,,sefame4679@rphinfo.com,false,,,,,,,
Lars Ulrich,,,,,,,,,zlnhthjucqiyxvafty@mhzayt.online,true,,,,,,,
Marco,,,,,,,,,teste4@uorak.com,true,,,,,,,
